{
  "timestamp": "2025-12-23T19:28:35.384865",
  "models": {
    "isolation_forest": {
      "model_type": "isolation_forest",
      "total_samples": 1000,
      "anomalies_detected": 100,
      "anomaly_rate": 10.0,
      "mean_anomaly_score": 0.8099701890597257,
      "n_features": 17
    },
    "random_forest": {
      "model_type": "random_forest",
      "total_samples": 1000,
      "validation_accuracy": 1.0,
      "validation_f1": 1.0,
      "cv_f1_mean": 1.0,
      "cv_f1_std": 0.0,
      "threats_detected": 187,
      "n_features": 17,
      "feature_importances": {
        "is_write_operation": 0.20422365495993486,
        "mfa_used": 0.1813001223629009,
        "is_data_access": 0.16664760203889956,
        "is_iam_event": 0.1049478982243583,
        "hour_of_day": 0.07721407856424645,
        "is_business_hours": 0.06482897954058908,
        "is_privileged_event": 0.06306794919740594,
        "is_reconnaissance": 0.038129728008330234,
        "time_since_last_activity": 0.030697733603454114,
        "is_error": 0.0255688618060074,
        "day_of_week": 0.013894104781788066,
        "user_api_calls_per_hour": 0.009891069641379455,
        "user_unique_ips": 0.00821148917666133,
        "user_failed_calls": 0.00699993164052357,
        "is_weekend": 0.004376796453520716,
        "user_unique_services": 0.0,
        "is_aws_internal": 0.0
      }
    }
  }
}